{"cameraMode":{"drawMode":0,"name":"Shaded","section":"Shading Mode"},"sceneLighting":false,"audioPlay":false,"sceneViewState":{"m_AlwaysRefresh":false,"showFog":true,"showSkybox":false,"showFlares":true,"showImageEffects":true,"showParticleSystems":true,"showVisualEffectGraphs":true,"m_FxEnabled":true},"in2DMode":false,"pivot":{"x":0.39689284563064577,"y":1.449864149093628,"z":0.36266517639160159},"rotation":{"x":0.10179972648620606,"y":-0.10029985755681992,"z":0.010317357257008553,"w":0.9896891713142395},"size":1.6530663967132569,"orthographic":false}