{"cameraMode":{"drawMode":0,"name":"Shaded","section":"Shading Mode"},"sceneLighting":false,"audioPlay":false,"sceneViewState":{"m_AlwaysRefresh":false,"showFog":true,"showSkybox":false,"showFlares":true,"showImageEffects":true,"showParticleSystems":true,"showVisualEffectGraphs":true,"m_FxEnabled":true},"in2DMode":false,"pivot":{"x":0.8420456051826477,"y":1.2420259714126588,"z":1.2581143379211426},"rotation":{"x":0.0861678346991539,"y":0.7805169820785523,"z":-0.11039171367883682,"w":0.6092681288719177},"size":0.6076445579528809,"orthographic":false}