{"cameraMode":{"drawMode":0,"name":"Shaded","section":"Shading Mode"},"sceneLighting":true,"audioPlay":false,"sceneViewState":{"m_AlwaysRefresh":false,"showFog":true,"showSkybox":true,"showFlares":true,"showImageEffects":true,"showParticleSystems":true,"showVisualEffectGraphs":true,"m_FxEnabled":true},"in2DMode":false,"pivot":{"x":-6.383735656738281,"y":0.6500000953674316,"z":-2.520693063735962},"rotation":{"x":0.03741581365466118,"y":-0.9624855518341065,"z":0.18261149525642396,"w":0.19722174108028413},"size":12.12435531616211,"orthographic":true}