{"cameraMode":{"drawMode":0,"name":"Shaded","section":"Shading Mode"},"sceneLighting":true,"audioPlay":false,"sceneViewState":{"m_AlwaysRefresh":false,"showFog":true,"showSkybox":true,"showFlares":true,"showImageEffects":true,"showParticleSystems":true,"showVisualEffectGraphs":true,"m_FxEnabled":true},"in2DMode":false,"pivot":{"x":-2.8937416076660158,"y":0.6500000953674316,"z":-3.422793388366699},"rotation":{"x":-0.0024884757585823538,"y":0.9740240573883057,"z":-0.010714640840888024,"w":-0.2262154519557953},"size":1.3925703763961793,"orthographic":true}