{"cameraMode":{"drawMode":0,"name":"Shaded","section":"Shading Mode"},"sceneLighting":true,"audioPlay":false,"sceneViewState":{"m_AlwaysRefresh":false,"showFog":true,"showSkybox":true,"showFlares":true,"showImageEffects":true,"showParticleSystems":true,"showVisualEffectGraphs":true,"m_FxEnabled":true},"in2DMode":false,"pivot":{"x":-18.532421112060548,"y":1.5177321434020997,"z":0.1004287600517273},"rotation":{"x":0.22374477982521058,"y":0.6546546220779419,"z":-0.2122332602739334,"w":0.6901634931564331},"size":19.934253692626954,"orthographic":false}